
{
    "data":{
        "attributes":{
            "type_description":"VBA",
            "tlsh":"T193A022B2C202C00C3C802FF8000CA8233A2B30080008CE82C88B00A2CA020CA83F0C32",
            "vhash":"2edf25d3c5136b5d00faae2c9d8a4966",
            "type_tags":[
                "source",
                "vba",
                "vbs"
            ],
            "names":[
                "virus2.bat"
            ],
            "last_modification_date":1682219375,
            "type_tag":"vba",
            "times_submitted":3,
            "total_votes":{
                "harmless":0,
                "malicious":0
            },
            "size":68,
            "popular_threat_classification":{
                "suggested_threat_label":"starter",
                "popular_threat_name":[
                    {
                        "count":2,
                        "value":"starter"
                    }
                ]
            },
            "last_submission_date":1682219375,
            "sigma_analysis_results":[
                {
                    "rule_title":"Creation of an Executable by an Executable",
                    "rule_source":"Sigma Integrated Rule Set (GitHub)",
                    "match_context":[
                        {
                            "values":{
                                "EventID":"11",
                                "ProcessId":"2932",
                                "Image":"c:\\windows\\system32\\cmd.exe",
                                "RuleName":"Downloads",
                                "CreationUtcTime":"1674429252",
                                "UtcTime":"1674429252",
                                "ProcessGuid":"{574CBD14-C33E-63CD-B200-000000003000}",
                                "TargetFilename":"C:\\Users\\azure\\Downloads\\.exe"
                            }
                        }
                    ],
                    "rule_level":"low",
                    "rule_id":"b5386a23355681c43cfbd2f2ccfe4b16ed45324d0d7b5583487a9f302ee1e427",
                    "rule_author":"frack113",
                    "rule_description":"Detects the creation of an executable by another executable"
                }
            ],
            "last_analysis_results":{
                "Bkav":{
                    "category":"undetected",
                    "engine_name":"Bkav",
                    "engine_version":"1.3.0.9899",
                    "result":null,
                    "method":"blacklist",
                    "engine_update":"20230129"
                },
                "Lionic":{
                    "category":"undetected",
                    "engine_name":"Lionic",
                    "engine_version":"7.5",
                    "result":null,
                    "method":"blacklist",
                    "engine_update":"20230129"
                },
                "tehtris":{
                    "category":"type-unsupported",
                    "engine_name":"tehtris",
                    "engine_version":null,
                    "result":null,
                    "method":"blacklist",
                    "engine_update":"20230129"
                },
                "ClamAV":{
                    "category":"undetected",
                    "engine_name":"ClamAV",
                    "engine_version":"1.0.0.0",
                    "result":null,
                    "method":"blacklist",
                    "engine_update":"20230129"
                },
                "CMC":{
                    "category":"undetected",
                    "engine_name":"CMC",
                    "engine_version":"2.4.2022.1",
                    "result":null,
                    "method":"blacklist",
                    "engine_update":"20230129"
                },
                "CAT-QuickHeal":{
                    "category":"undetected",
                    "engine_name":"CAT-QuickHeal",
                    "engine_version":"22.00",
                    "result":null,
                    "method":"blacklist",
                    "engine_update":"20230128"
                },
                "ALYac":{
                    "category":"undetected",
                    "engine_name":"ALYac",
                    "engine_version":"1.1.3.1",
                    "result":null,
                    "method":"blacklist",
                    "engine_update":"20230129"
                },
                "Malwarebytes":{
                    "category":"undetected",
                    "engine_name":"Malwarebytes",
                    "engine_version":"4.4.4.52",
                    "result":null,
                    "method":"blacklist",
                    "engine_update":"20230129"
                },
                "Zillya":{
                    "category":"undetected",
                    "engine_name":"Zillya",
                    "engine_version":"2.0.0.4803",
                    "result":null,
                    "method":"blacklist",
                    "engine_update":"20230127"
                },
                "Sangfor":{
                    "category":"undetected",
                    "engine_name":"Sangfor",
                    "engine_version":"2.23.0.0",
                    "result":null,
                    "method":"blacklist",
                    "engine_update":"20230120"
                },
                "K7AntiVirus":{
                    "category":"undetected",
                    "engine_name":"K7AntiVirus",
                    "engine_version":"12.64.46605",
                    "result":null,
                    "method":"blacklist",
                    "engine_update":"20230129"
                },
                "Alibaba":{
                    "category":"type-unsupported",
                    "engine_name":"Alibaba",
                    "engine_version":"0.3.0.5",
                    "result":null,
                    "method":"blacklist",
                    "engine_update":"20190527"
                },
                "K7GW":{
                    "category":"undetected",
                    "engine_name":"K7GW",
                    "engine_version":"12.64.46554",
                    "result":null,
                    "method":"blacklist",
                    "engine_update":"20230125"
                },
                "Trustlook":{
                    "category":"type-unsupported",
                    "engine_name":"Trustlook",
                    "engine_version":"1.0",
                    "result":null,
                    "method":"blacklist",
                    "engine_update":"20230129"
                },
                "BitDefenderTheta":{
                    "category":"undetected",
                    "engine_name":"BitDefenderTheta",
                    "engine_version":"7.2.37796.0",
                    "result":null,
                    "method":"blacklist",
                    "engine_update":"20230110"
                },
                "VirIT":{
                    "category":"malicious",
                    "engine_name":"VirIT",
                    "engine_version":"9.5.375",
                    "result":"Trojan.BAT.Starter.EL",
                    "method":"blacklist",
                    "engine_update":"20230127"
                },
                "Cyren":{
                    "category":"undetected",
                    "engine_name":"Cyren",
                    "engine_version":"6.5.1.2",
                    "result":null,
                    "method":"blacklist",
                    "engine_update":"20230129"
                },
                "SymantecMobileInsight":{
                    "category":"type-unsupported",
                    "engine_name":"SymantecMobileInsight",
                    "engine_version":"2.0",
                    "result":null,
                    "method":"blacklist",
                    "engine_update":"20230119"
                },
                "Symantec":{
                    "category":"undetected",
                    "engine_name":"Symantec",
                    "engine_version":"1.19.0.0",
                    "result":null,
                    "method":"blacklist",
                    "engine_update":"20230128"
                },
                "Elastic":{
                    "category":"type-unsupported",
                    "engine_name":"Elastic",
                    "engine_version":"4.0.75",
                    "result":null,
                    "method":"blacklist",
                    "engine_update":"20230127"
                },
                "ESET-NOD32":{
                    "category":"undetected",
                    "engine_name":"ESET-NOD32",
                    "engine_version":"26662",
                    "result":null,
                    "method":"blacklist",
                    "engine_update":"20230129"
                },
                "APEX":{
                    "category":"type-unsupported",
                    "engine_name":"APEX",
                    "engine_version":"6.381",
                    "result":null,
                    "method":"blacklist",
                    "engine_update":"20230128"
                },
                "TrendMicro-HouseCall":{
                    "category":"undetected",
                    "engine_name":"TrendMicro-HouseCall",
                    "engine_version":"10.0.0.1040",
                    "result":null,
                    "method":"blacklist",
                    "engine_update":"20230129"
                },
                "Avast":{
                    "category":"undetected",
                    "engine_name":"Avast",
                    "engine_version":"22.11.7701.0",
                    "result":null,
                    "method":"blacklist",
                    "engine_update":"20230129"
                },
                "Cynet":{
                    "category":"undetected",
                    "engine_name":"Cynet",
                    "engine_version":"4.0.0.27",
                    "result":null,
                    "method":"blacklist",
                    "engine_update":"20230129"
                },
                "Kaspersky":{
                    "category":"undetected",
                    "engine_name":"Kaspersky",
                    "engine_version":"21.0.1.45",
                    "result":null,
                    "method":"blacklist",
                    "engine_update":"20230129"
                },
                "BitDefender":{
                    "category":"undetected",
                    "engine_name":"BitDefender",
                    "engine_version":"7.2",
                    "result":null,
                    "method":"blacklist",
                    "engine_update":"20230129"
                },
                "NANO-Antivirus":{
                    "category":"undetected",
                    "engine_name":"NANO-Antivirus",
                    "engine_version":"1.0.146.25735",
                    "result":null,
                    "method":"blacklist",
                    "engine_update":"20230129"
                },
                "ViRobot":{
                    "category":"undetected",
                    "engine_name":"ViRobot",
                    "engine_version":"2014.3.20.0",
                    "result":null,
                    "method":"blacklist",
                    "engine_update":"20230128"
                },
                "MicroWorld-eScan":{
                    "category":"undetected",
                    "engine_name":"MicroWorld-eScan",
                    "engine_version":"14.0.409.0",
                    "result":null,
                    "method":"blacklist",
                    "engine_update":"20230129"
                },
                "Rising":{
                    "category":"undetected",
                    "engine_name":"Rising",
                    "engine_version":"25.0.0.27",
                    "result":null,
                    "method":"blacklist",
                    "engine_update":"20230129"
                },
                "TACHYON":{
                    "category":"undetected",
                    "engine_name":"TACHYON",
                    "engine_version":"2023-01-29.02",
                    "result":null,
                    "method":"blacklist",
                    "engine_update":"20230129"
                },
                "Emsisoft":{
                    "category":"undetected",
                    "engine_name":"Emsisoft",
                    "engine_version":"2022.6.0.32461",
                    "result":null,
                    "method":"blacklist",
                    "engine_update":"20230129"
                },
                "Baidu":{
                    "category":"undetected",
                    "engine_name":"Baidu",
                    "engine_version":"1.0.0.2",
                    "result":null,
                    "method":"blacklist",
                    "engine_update":"20190318"
                },
                "F-Secure":{
                    "category":"undetected",
                    "engine_name":"F-Secure",
                    "engine_version":"18.10.1137.128",
                    "result":null,
                    "method":"blacklist",
                    "engine_update":"20230129"
                },
                "DrWeb":{
                    "category":"malicious",
                    "engine_name":"DrWeb",
                    "engine_version":"7.0.59.12300",
                    "result":"BAT.Starter.115",
                    "method":"blacklist",
                    "engine_update":"20230129"
                },
                "VIPRE":{
                    "category":"undetected",
                    "engine_name":"VIPRE",
                    "engine_version":"6.0.0.35",
                    "result":null,
                    "method":"blacklist",
                    "engine_update":"20230128"
                },
                "TrendMicro":{
                    "category":"undetected",
                    "engine_name":"TrendMicro",
                    "engine_version":"11.0.0.1006",
                    "result":null,
                    "method":"blacklist",
                    "engine_update":"20230129"
                },
                "McAfee-GW-Edition":{
                    "category":"undetected",
                    "engine_name":"McAfee-GW-Edition",
                    "engine_version":"v2019.1.2+3728",
                    "result":null,
                    "method":"blacklist",
                    "engine_update":"20230129"
                },
                "SentinelOne":{
                    "category":"type-unsupported",
                    "engine_name":"SentinelOne",
                    "engine_version":"23.1.0.5",
                    "result":null,
                    "method":"blacklist",
                    "engine_update":"20230111"
                },
                "Trapmine":{
                    "category":"type-unsupported",
                    "engine_name":"Trapmine",
                    "engine_version":"4.0.10.141",
                    "result":null,
                    "method":"blacklist",
                    "engine_update":"20230103"
                },
                "FireEye":{
                    "category":"undetected",
                    "engine_name":"FireEye",
                    "engine_version":"35.24.1.0",
                    "result":null,
                    "method":"blacklist",
                    "engine_update":"20230129"
                },
                "Sophos":{
                    "category":"undetected",
                    "engine_name":"Sophos",
                    "engine_version":"2.1.2.0",
                    "result":null,
                    "method":"blacklist",
                    "engine_update":"20230128"
                },
                "Paloalto":{
                    "category":"type-unsupported",
                    "engine_name":"Paloalto",
                    "engine_version":"0.9.0.1003",
                    "result":null,
                    "method":"blacklist",
                    "engine_update":"20230129"
                },
                "Avast-Mobile":{
                    "category":"type-unsupported",
                    "engine_name":"Avast-Mobile",
                    "engine_version":"230129-00",
                    "result":null,
                    "method":"blacklist",
                    "engine_update":"20230129"
                },
                "Jiangmin":{
                    "category":"undetected",
                    "engine_name":"Jiangmin",
                    "engine_version":"16.0.100",
                    "result":null,
                    "method":"blacklist",
                    "engine_update":"20230128"
                },
                "Webroot":{
                    "category":"type-unsupported",
                    "engine_name":"Webroot",
                    "engine_version":"1.0.0.403",
                    "result":null,
                    "method":"blacklist",
                    "engine_update":"20230129"
                },
                "Avira":{
                    "category":"undetected",
                    "engine_name":"Avira",
                    "engine_version":"8.3.3.16",
                    "result":null,
                    "method":"blacklist",
                    "engine_update":"20230129"
                },
                "Antiy-AVL":{
                    "category":"undetected",
                    "engine_name":"Antiy-AVL",
                    "engine_version":"3.0",
                    "result":null,
                    "method":"blacklist",
                    "engine_update":"20230129"
                },
                "Kingsoft":{
                    "category":"undetected",
                    "engine_name":"Kingsoft",
                    "engine_version":"2017.9.26.565",
                    "result":null,
                    "method":"blacklist",
                    "engine_update":"20230129"
                },
                "Microsoft":{
                    "category":"undetected",
                    "engine_name":"Microsoft",
                    "engine_version":"1.1.19900.2",
                    "result":null,
                    "method":"blacklist",
                    "engine_update":"20230129"
                },
                "Gridinsoft":{
                    "category":"undetected",
                    "engine_name":"Gridinsoft",
                    "engine_version":"1.0.107.174",
                    "result":null,
                    "method":"blacklist",
                    "engine_update":"20230129"
                },
                "Xcitium":{
                    "category":"undetected",
                    "engine_name":"Xcitium",
                    "engine_version":"35366",
                    "result":null,
                    "method":"blacklist",
                    "engine_update":"20230129"
                },
                "Arcabit":{
                    "category":"undetected",
                    "engine_name":"Arcabit",
                    "engine_version":"2022.0.0.18",
                    "result":null,
                    "method":"blacklist",
                    "engine_update":"20230129"
                },
                "SUPERAntiSpyware":{
                    "category":"undetected",
                    "engine_name":"SUPERAntiSpyware",
                    "engine_version":"5.6.0.1032",
                    "result":null,
                    "method":"blacklist",
                    "engine_update":"20230128"
                },
                "ZoneAlarm":{
                    "category":"undetected",
                    "engine_name":"ZoneAlarm",
                    "engine_version":"1.0",
                    "result":null,
                    "method":"blacklist",
                    "engine_update":"20230129"
                },
                "GData":{
                    "category":"undetected",
                    "engine_name":"GData",
                    "engine_version":"A:25.35137B:27.30448",
                    "result":null,
                    "method":"blacklist",
                    "engine_update":"20230129"
                },
                "Google":{
                    "category":"undetected",
                    "engine_name":"Google",
                    "engine_version":"1674990060",
                    "result":null,
                    "method":"blacklist",
                    "engine_update":"20230129"
                },
                "BitDefenderFalx":{
                    "category":"type-unsupported",
                    "engine_name":"BitDefenderFalx",
                    "engine_version":"2.0.936",
                    "result":null,
                    "method":"blacklist",
                    "engine_update":"20220103"
                },
                "AhnLab-V3":{
                    "category":"undetected",
                    "engine_name":"AhnLab-V3",
                    "engine_version":"3.23.0.10340",
                    "result":null,
                    "method":"blacklist",
                    "engine_update":"20230129"
                },
                "Acronis":{
                    "category":"undetected",
                    "engine_name":"Acronis",
                    "engine_version":"1.2.0.113",
                    "result":null,
                    "method":"blacklist",
                    "engine_update":"20221114"
                },
                "McAfee":{
                    "category":"undetected",
                    "engine_name":"McAfee",
                    "engine_version":"6.0.6.653",
                    "result":null,
                    "method":"blacklist",
                    "engine_update":"20230129"
                },
                "MAX":{
                    "category":"undetected",
                    "engine_name":"MAX",
                    "engine_version":"2023.1.4.1",
                    "result":null,
                    "method":"blacklist",
                    "engine_update":"20230129"
                },
                "VBA32":{
                    "category":"undetected",
                    "engine_name":"VBA32",
                    "engine_version":"5.0.0",
                    "result":null,
                    "method":"blacklist",
                    "engine_update":"20230127"
                },
                "Cylance":{
                    "category":"type-unsupported",
                    "engine_name":"Cylance",
                    "engine_version":"2.3.1.101",
                    "result":null,
                    "method":"blacklist",
                    "engine_update":"20230129"
                },
                "Zoner":{
                    "category":"undetected",
                    "engine_name":"Zoner",
                    "engine_version":"2.2.2.0",
                    "result":null,
                    "method":"blacklist",
                    "engine_update":"20230128"
                },
                "Tencent":{
                    "category":"undetected",
                    "engine_name":"Tencent",
                    "engine_version":"1.0.0.1",
                    "result":null,
                    "method":"blacklist",
                    "engine_update":"20230129"
                },
                "Yandex":{
                    "category":"undetected",
                    "engine_name":"Yandex",
                    "engine_version":"5.5.2.24",
                    "result":null,
                    "method":"blacklist",
                    "engine_update":"20230127"
                },
                "Ikarus":{
                    "category":"undetected",
                    "engine_name":"Ikarus",
                    "engine_version":"6.0.33.0",
                    "result":null,
                    "method":"blacklist",
                    "engine_update":"20230129"
                },
                "MaxSecure":{
                    "category":"undetected",
                    "engine_name":"MaxSecure",
                    "engine_version":"1.0.0.1",
                    "result":null,
                    "method":"blacklist",
                    "engine_update":"20230127"
                },
                "Fortinet":{
                    "category":"undetected",
                    "engine_name":"Fortinet",
                    "engine_version":"6.4.258.0",
                    "result":null,
                    "method":"blacklist",
                    "engine_update":"20230129"
                },
                "AVG":{
                    "category":"undetected",
                    "engine_name":"AVG",
                    "engine_version":"22.11.7701.0",
                    "result":null,
                    "method":"blacklist",
                    "engine_update":"20230129"
                },
                "Cybereason":{
                    "category":"type-unsupported",
                    "engine_name":"Cybereason",
                    "engine_version":"1.2.449",
                    "result":null,
                    "method":"blacklist",
                    "engine_update":"20210330"
                },
                "Panda":{
                    "category":"undetected",
                    "engine_name":"Panda",
                    "engine_version":"4.6.4.2",
                    "result":null,
                    "method":"blacklist",
                    "engine_update":"20230129"
                }
            },
            "sigma_analysis_summary":{
                "Sigma Integrated Rule Set (GitHub)":{
                    "high":0,
                    "medium":0,
                    "critical":0,
                    "low":1
                }
            },
            "sandbox_verdicts":{
                "Zenbox":{
                    "category":"harmless",
                    "confidence":1,
                    "sandbox_name":"Zenbox",
                    "malware_classification":[
                        "CLEAN"
                    ]
                },
                "Zenbox Linux":{
                    "category":"harmless",
                    "confidence":5,
                    "sandbox_name":"Zenbox Linux",
                    "malware_classification":[
                        "CLEAN"
                    ]
                },
                "C2AE":{
                    "category":"undetected",
                    "sandbox_name":"C2AE",
                    "malware_classification":[
                        "UNKNOWN_VERDICT"
                    ]
                }
            },
            "sha256":"77c0613fae6d8517caf9add0413a307c189e6f88cb522d88ac00d5c8f4828dcf",
            "tags":[
                "vba",
                "direct-cpu-clock-access",
                "sets-process-name",
                "detect-debug-environment",
                "checks-cpu-name"
            ],
            "last_analysis_date":1674996331,
            "unique_sources":1,
            "first_submission_date":1674996331,
            "ssdeep":"3:/tK++mIHcikQnidNhxQv:/I++mGkAidNhM",
            "md5":"7f557c5a91c5bc1a79dd978afe92e11c",
            "sha1":"603eeb7154ff0afc649431aa6b04e7d065f03ab3",
            "magic":"DOS batch file text",
            "last_analysis_stats":{
                "harmless":0,
                "type-unsupported":14,
                "suspicious":0,
                "confirmed-timeout":0,
                "timeout":0,
                "failure":0,
                "malicious":2,
                "undetected":58
            },
            "meaningful_name":"virus2.bat",
            "reputation":0,
            "sigma_analysis_stats":{
                "high":0,
                "medium":0,
                "critical":0,
                "low":1
            }
        },
        "type":"file",
        "id":"77c0613fae6d8517caf9add0413a307c189e6f88cb522d88ac00d5c8f4828dcf",
        "links":{
            "self":"https://www.virustotal.com/api/v3/files/77c0613fae6d8517caf9add0413a307c189e6f88cb522d88ac00d5c8f4828dcf"
        }
    }
}