
{
    "data":{
        "attributes":{
            "type_description":"Text",
            "tlsh":"TNULL",
            "type_tags":[
                "text"
            ],
            "names":[
                "0.bat",
                "4305b80fe6c8b71e12cfe14b19e94127e4825d6b8ade1cb544eee4836cbf7af0-dropped.bin",
                "61455.bat",
                "137736.bat",
                "98238.bat",
                "1032.bat",
                "101560.bat",
                "171000.bat",
                "57456.bat",
                "168624.bat",
                "virus.bat",
                "172218.bat",
                "17576.bat",
                "163404.bat",
                "70959.bat",
                "7296.bat",
                "7112.bat",
                "157203.bat",
                "78160.bat",
                "59088.bat",
                "11949.bat",
                "64750.bat",
                "56190.bat",
                "140248.bat",
                "586.bat",
                "6810.bat",
                "12398.bat",
                "25235.bat",
                "42026.bat",
                "190575.bat",
                "145392.bat",
                "38780.bat",
                "229432.bat",
                "188153.bat",
                "81448.bat",
                "179724.bat",
                "188208.bat",
                "89694.bat",
                "119150.bat",
                "41776.bat",
                "89169.bat",
                "72248.bat",
                "47256.bat",
                "24479.bat",
                "72102.bat",
                "215388.bat",
                "1743.bat",
                "32376.bat",
                "133488.bat",
                "119435.bat",
                "35944.bat",
                "47408.bat",
                "23632.bat",
                "130456.bat",
                "2858.bat",
                "170093.bat",
                "159372.bat",
                "213504.bat",
                "36408.bat",
                "80073.bat",
                "228000.bat",
                "68352.bat",
                "13596.bat",
                "17452.bat",
                "28902.bat",
                "33318.bat",
                "100566.bat",
                "126305.bat",
                "32984.bat",
                "1653.bat",
                "nononol.bat",
                "test.bat",
                "test.text",
                "sus.bat",
                "not_fork_bomb.bat",
                "vinh.bat",
                "fork.bat",
                "svhost.exe.bat",
                "setup.bat",
                "fork-bomb.cmd",
                "قشىش.bat",
                "新建文本文档.bat",
                "New Text Document.bat",
                "New Text Document.txt",
                "error1.bat",
                "basically a virus.txt",
                "forkbomb.bat",
                "f.bat",
                "try.bat",
                "Ne otvaraj ni ovo.bat",
                "ClickMe.bat",
                "jppvaj.bat",
                "fun.bat",
                "pcogmjkd.cmd"
            ],
            "last_modification_date":1682486206,
            "type_tag":"text",
            "times_submitted":64,
            "total_votes":{
                "harmless":0,
                "malicious":4
            },
            "size":7,
            "popular_threat_classification":{
                "suggested_threat_label":"forkbomb",
                "popular_threat_name":[
                    {
                        "count":8,
                        "value":"forkbomb"
                    }
                ]
            },
            "last_submission_date":1682485232,
            "last_analysis_results":{
                "Bkav":{
                    "category":"undetected",
                    "engine_name":"Bkav",
                    "engine_version":"1.3.0.9899",
                    "result":null,
                    "method":"blacklist",
                    "engine_update":"20230425"
                },
                "Lionic":{
                    "category":"undetected",
                    "engine_name":"Lionic",
                    "engine_version":"7.5",
                    "result":null,
                    "method":"blacklist",
                    "engine_update":"20230426"
                },
                "Elastic":{
                    "category":"type-unsupported",
                    "engine_name":"Elastic",
                    "engine_version":"4.0.85",
                    "result":null,
                    "method":"blacklist",
                    "engine_update":"20230413"
                },
                "Cynet":{
                    "category":"malicious",
                    "engine_name":"Cynet",
                    "engine_version":"4.0.0.27",
                    "result":"Malicious (score: 99)",
                    "method":"blacklist",
                    "engine_update":"20230425"
                },
                "FireEye":{
                    "category":"malicious",
                    "engine_name":"FireEye",
                    "engine_version":"35.24.1.0",
                    "result":"Application.ForkBomb.2",
                    "method":"blacklist",
                    "engine_update":"20230426"
                },
                "CAT-QuickHeal":{
                    "category":"undetected",
                    "engine_name":"CAT-QuickHeal",
                    "engine_version":"22.00",
                    "result":null,
                    "method":"blacklist",
                    "engine_update":"20230425"
                },
                "ALYac":{
                    "category":"malicious",
                    "engine_name":"ALYac",
                    "engine_version":"1.1.3.1",
                    "result":"Application.ForkBomb.2",
                    "method":"blacklist",
                    "engine_update":"20230426"
                },
                "Malwarebytes":{
                    "category":"undetected",
                    "engine_name":"Malwarebytes",
                    "engine_version":"4.5.5.54",
                    "result":null,
                    "method":"blacklist",
                    "engine_update":"20230426"
                },
                "VIPRE":{
                    "category":"malicious",
                    "engine_name":"VIPRE",
                    "engine_version":"6.0.0.35",
                    "result":"Application.ForkBomb.2",
                    "method":"blacklist",
                    "engine_update":"20230425"
                },
                "Sangfor":{
                    "category":"undetected",
                    "engine_name":"Sangfor",
                    "engine_version":"2.23.0.0",
                    "result":null,
                    "method":"blacklist",
                    "engine_update":"20230421"
                },
                "K7AntiVirus":{
                    "category":"undetected",
                    "engine_name":"K7AntiVirus",
                    "engine_version":"12.82.47922",
                    "result":null,
                    "method":"blacklist",
                    "engine_update":"20230426"
                },
                "Alibaba":{
                    "category":"type-unsupported",
                    "engine_name":"Alibaba",
                    "engine_version":"0.3.0.5",
                    "result":null,
                    "method":"blacklist",
                    "engine_update":"20190527"
                },
                "K7GW":{
                    "category":"undetected",
                    "engine_name":"K7GW",
                    "engine_version":"12.82.47922",
                    "result":null,
                    "method":"blacklist",
                    "engine_update":"20230425"
                },
                "Trustlook":{
                    "category":"type-unsupported",
                    "engine_name":"Trustlook",
                    "engine_version":"1.0",
                    "result":null,
                    "method":"blacklist",
                    "engine_update":"20230426"
                },
                "Baidu":{
                    "category":"undetected",
                    "engine_name":"Baidu",
                    "engine_version":"1.0.0.2",
                    "result":null,
                    "method":"blacklist",
                    "engine_update":"20190318"
                },
                "VirIT":{
                    "category":"undetected",
                    "engine_name":"VirIT",
                    "engine_version":"9.5.435",
                    "result":null,
                    "method":"blacklist",
                    "engine_update":"20230424"
                },
                "Cyren":{
                    "category":"undetected",
                    "engine_name":"Cyren",
                    "engine_version":"6.5.1.2",
                    "result":null,
                    "method":"blacklist",
                    "engine_update":"20230426"
                },
                "SymantecMobileInsight":{
                    "category":"type-unsupported",
                    "engine_name":"SymantecMobileInsight",
                    "engine_version":"2.0",
                    "result":null,
                    "method":"blacklist",
                    "engine_update":"20230119"
                },
                "Symantec":{
                    "category":"undetected",
                    "engine_name":"Symantec",
                    "engine_version":"1.20.0.0",
                    "result":null,
                    "method":"blacklist",
                    "engine_update":"20230426"
                },
                "tehtris":{
                    "category":"type-unsupported",
                    "engine_name":"tehtris",
                    "engine_version":"v0.1.4",
                    "result":null,
                    "method":"blacklist",
                    "engine_update":"20230426"
                },
                "ESET-NOD32":{
                    "category":"malicious",
                    "engine_name":"ESET-NOD32",
                    "engine_version":"27132",
                    "result":"MSIL/Agent.OWM",
                    "method":"blacklist",
                    "engine_update":"20230426"
                },
                "APEX":{
                    "category":"type-unsupported",
                    "engine_name":"APEX",
                    "engine_version":"6.408",
                    "result":null,
                    "method":"blacklist",
                    "engine_update":"20230416"
                },
                "TrendMicro-HouseCall":{
                    "category":"undetected",
                    "engine_name":"TrendMicro-HouseCall",
                    "engine_version":"10.0.0.1040",
                    "result":null,
                    "method":"blacklist",
                    "engine_update":"20230426"
                },
                "Avast":{
                    "category":"undetected",
                    "engine_name":"Avast",
                    "engine_version":"22.11.7701.0",
                    "result":null,
                    "method":"blacklist",
                    "engine_update":"20230426"
                },
                "ClamAV":{
                    "category":"undetected",
                    "engine_name":"ClamAV",
                    "engine_version":"1.0.1.0",
                    "result":null,
                    "method":"blacklist",
                    "engine_update":"20230425"
                },
                "Kaspersky":{
                    "category":"undetected",
                    "engine_name":"Kaspersky",
                    "engine_version":"22.0.1.28",
                    "result":null,
                    "method":"blacklist",
                    "engine_update":"20230426"
                },
                "BitDefender":{
                    "category":"malicious",
                    "engine_name":"BitDefender",
                    "engine_version":"7.2",
                    "result":"Application.ForkBomb.2",
                    "method":"blacklist",
                    "engine_update":"20230426"
                },
                "NANO-Antivirus":{
                    "category":"undetected",
                    "engine_name":"NANO-Antivirus",
                    "engine_version":"1.0.146.25757",
                    "result":null,
                    "method":"blacklist",
                    "engine_update":"20230426"
                },
                "ViRobot":{
                    "category":"undetected",
                    "engine_name":"ViRobot",
                    "engine_version":"2014.3.20.0",
                    "result":null,
                    "method":"blacklist",
                    "engine_update":"20230426"
                },
                "MicroWorld-eScan":{
                    "category":"malicious",
                    "engine_name":"MicroWorld-eScan",
                    "engine_version":"14.0.409.0",
                    "result":"Application.ForkBomb.2",
                    "method":"blacklist",
                    "engine_update":"20230426"
                },
                "Tencent":{
                    "category":"malicious",
                    "engine_name":"Tencent",
                    "engine_version":"1.0.0.1",
                    "result":"Bat.Trojan.Agent.Xmhl",
                    "method":"blacklist",
                    "engine_update":"20230426"
                },
                "TACHYON":{
                    "category":"undetected",
                    "engine_name":"TACHYON",
                    "engine_version":"2023-04-26.01",
                    "result":null,
                    "method":"blacklist",
                    "engine_update":"20230426"
                },
                "Emsisoft":{
                    "category":"malicious",
                    "engine_name":"Emsisoft",
                    "engine_version":"2022.6.0.32461",
                    "result":"Application.ForkBomb.2 (B)",
                    "method":"blacklist",
                    "engine_update":"20230426"
                },
                "F-Secure":{
                    "category":"malicious",
                    "engine_name":"F-Secure",
                    "engine_version":"18.10.1137.128",
                    "result":"Malware.BAT/Agent.742354",
                    "method":"blacklist",
                    "engine_update":"20230426"
                },
                "DrWeb":{
                    "category":"undetected",
                    "engine_name":"DrWeb",
                    "engine_version":"7.0.59.12300",
                    "result":null,
                    "method":"blacklist",
                    "engine_update":"20230426"
                },
                "Zillya":{
                    "category":"undetected",
                    "engine_name":"Zillya",
                    "engine_version":"2.0.0.4859",
                    "result":null,
                    "method":"blacklist",
                    "engine_update":"20230424"
                },
                "TrendMicro":{
                    "category":"undetected",
                    "engine_name":"TrendMicro",
                    "engine_version":"11.0.0.1006",
                    "result":null,
                    "method":"blacklist",
                    "engine_update":"20230426"
                },
                "McAfee-GW-Edition":{
                    "category":"undetected",
                    "engine_name":"McAfee-GW-Edition",
                    "engine_version":"v2021.2.0+4045",
                    "result":null,
                    "method":"blacklist",
                    "engine_update":"20230425"
                },
                "SentinelOne":{
                    "category":"type-unsupported",
                    "engine_name":"SentinelOne",
                    "engine_version":"23.2.0.1",
                    "result":null,
                    "method":"blacklist",
                    "engine_update":"20230404"
                },
                "Trapmine":{
                    "category":"type-unsupported",
                    "engine_name":"Trapmine",
                    "engine_version":"4.0.14.446",
                    "result":null,
                    "method":"blacklist",
                    "engine_update":"20230412"
                },
                "CMC":{
                    "category":"undetected",
                    "engine_name":"CMC",
                    "engine_version":"2.4.2022.1",
                    "result":null,
                    "method":"blacklist",
                    "engine_update":"20230425"
                },
                "Sophos":{
                    "category":"undetected",
                    "engine_name":"Sophos",
                    "engine_version":"2.1.2.0",
                    "result":null,
                    "method":"blacklist",
                    "engine_update":"20230426"
                },
                "Paloalto":{
                    "category":"type-unsupported",
                    "engine_name":"Paloalto",
                    "engine_version":"0.9.0.1003",
                    "result":null,
                    "method":"blacklist",
                    "engine_update":"20230426"
                },
                "Avast-Mobile":{
                    "category":"type-unsupported",
                    "engine_name":"Avast-Mobile",
                    "engine_version":"230425-02",
                    "result":null,
                    "method":"blacklist",
                    "engine_update":"20230425"
                },
                "Jiangmin":{
                    "category":"undetected",
                    "engine_name":"Jiangmin",
                    "engine_version":"16.0.100",
                    "result":null,
                    "method":"blacklist",
                    "engine_update":"20230425"
                },
                "Webroot":{
                    "category":"type-unsupported",
                    "engine_name":"Webroot",
                    "engine_version":"1.0.0.403",
                    "result":null,
                    "method":"blacklist",
                    "engine_update":"20230426"
                },
                "Avira":{
                    "category":"malicious",
                    "engine_name":"Avira",
                    "engine_version":"8.3.3.16",
                    "result":"BAT/Agent.742354",
                    "method":"blacklist",
                    "engine_update":"20230426"
                },
                "Antiy-AVL":{
                    "category":"undetected",
                    "engine_name":"Antiy-AVL",
                    "engine_version":"3.0",
                    "result":null,
                    "method":"blacklist",
                    "engine_update":"20230426"
                },
                "Microsoft":{
                    "category":"undetected",
                    "engine_name":"Microsoft",
                    "engine_version":"1.1.20200.4",
                    "result":null,
                    "method":"blacklist",
                    "engine_update":"20230425"
                },
                "Gridinsoft":{
                    "category":"undetected",
                    "engine_name":"Gridinsoft",
                    "engine_version":"1.0.114.174",
                    "result":null,
                    "method":"blacklist",
                    "engine_update":"20230426"
                },
                "Xcitium":{
                    "category":"undetected",
                    "engine_name":"Xcitium",
                    "engine_version":"35588",
                    "result":null,
                    "method":"blacklist",
                    "engine_update":"20230425"
                },
                "Arcabit":{
                    "category":"malicious",
                    "engine_name":"Arcabit",
                    "engine_version":"2022.0.0.18",
                    "result":"Application.ForkBomb.2",
                    "method":"blacklist",
                    "engine_update":"20230426"
                },
                "SUPERAntiSpyware":{
                    "category":"undetected",
                    "engine_name":"SUPERAntiSpyware",
                    "engine_version":"5.6.0.1032",
                    "result":null,
                    "method":"blacklist",
                    "engine_update":"20230423"
                },
                "ZoneAlarm":{
                    "category":"undetected",
                    "engine_name":"ZoneAlarm",
                    "engine_version":"1.0",
                    "result":null,
                    "method":"blacklist",
                    "engine_update":"20230426"
                },
                "GData":{
                    "category":"malicious",
                    "engine_name":"GData",
                    "engine_version":"A:25.35717B:27.31465",
                    "result":"Application.ForkBomb.2",
                    "method":"blacklist",
                    "engine_update":"20230426"
                },
                "Google":{
                    "category":"undetected",
                    "engine_name":"Google",
                    "engine_version":"1682481631",
                    "result":null,
                    "method":"blacklist",
                    "engine_update":"20230426"
                },
                "BitDefenderFalx":{
                    "category":"type-unsupported",
                    "engine_name":"BitDefenderFalx",
                    "engine_version":"2.0.936",
                    "result":null,
                    "method":"blacklist",
                    "engine_update":"20230419"
                },
                "AhnLab-V3":{
                    "category":"undetected",
                    "engine_name":"AhnLab-V3",
                    "engine_version":"3.23.2.10388",
                    "result":null,
                    "method":"blacklist",
                    "engine_update":"20230426"
                },
                "Acronis":{
                    "category":"undetected",
                    "engine_name":"Acronis",
                    "engine_version":"1.2.0.114",
                    "result":null,
                    "method":"blacklist",
                    "engine_update":"20230219"
                },
                "McAfee":{
                    "category":"undetected",
                    "engine_name":"McAfee",
                    "engine_version":"6.0.6.653",
                    "result":null,
                    "method":"blacklist",
                    "engine_update":"20230426"
                },
                "MAX":{
                    "category":"malicious",
                    "engine_name":"MAX",
                    "engine_version":"2023.1.4.1",
                    "result":"malware (ai score=72)",
                    "method":"blacklist",
                    "engine_update":"20230426"
                },
                "DeepInstinct":{
                    "category":"type-unsupported",
                    "engine_name":"DeepInstinct",
                    "engine_version":"3.1.0.15",
                    "result":null,
                    "method":"blacklist",
                    "engine_update":"20230420"
                },
                "VBA32":{
                    "category":"undetected",
                    "engine_name":"VBA32",
                    "engine_version":"5.0.0",
                    "result":null,
                    "method":"blacklist",
                    "engine_update":"20230421"
                },
                "Cylance":{
                    "category":"type-unsupported",
                    "engine_name":"Cylance",
                    "engine_version":"2.0.0.0",
                    "result":null,
                    "method":"blacklist",
                    "engine_update":"20230419"
                },
                "Zoner":{
                    "category":"undetected",
                    "engine_name":"Zoner",
                    "engine_version":"2.2.2.0",
                    "result":null,
                    "method":"blacklist",
                    "engine_update":"20230426"
                },
                "Rising":{
                    "category":"undetected",
                    "engine_name":"Rising",
                    "engine_version":"25.0.0.27",
                    "result":null,
                    "method":"blacklist",
                    "engine_update":"20230425"
                },
                "Yandex":{
                    "category":"undetected",
                    "engine_name":"Yandex",
                    "engine_version":"5.5.2.24",
                    "result":null,
                    "method":"blacklist",
                    "engine_update":"20230425"
                },
                "Ikarus":{
                    "category":"undetected",
                    "engine_name":"Ikarus",
                    "engine_version":"6.1.14.0",
                    "result":null,
                    "method":"blacklist",
                    "engine_update":"20230425"
                },
                "MaxSecure":{
                    "category":"undetected",
                    "engine_name":"MaxSecure",
                    "engine_version":"1.0.0.1",
                    "result":null,
                    "method":"blacklist",
                    "engine_update":"20230424"
                },
                "Fortinet":{
                    "category":"undetected",
                    "engine_name":"Fortinet",
                    "engine_version":"6.4.258.0",
                    "result":null,
                    "method":"blacklist",
                    "engine_update":"20230426"
                },
                "BitDefenderTheta":{
                    "category":"undetected",
                    "engine_name":"BitDefenderTheta",
                    "engine_version":"7.2.37796.0",
                    "result":null,
                    "method":"blacklist",
                    "engine_update":"20230418"
                },
                "AVG":{
                    "category":"undetected",
                    "engine_name":"AVG",
                    "engine_version":"22.11.7701.0",
                    "result":null,
                    "method":"blacklist",
                    "engine_update":"20230426"
                },
                "Panda":{
                    "category":"undetected",
                    "engine_name":"Panda",
                    "engine_version":"4.6.4.2",
                    "result":null,
                    "method":"blacklist",
                    "engine_update":"20230425"
                },
                "CrowdStrike":{
                    "category":"type-unsupported",
                    "engine_name":"CrowdStrike",
                    "engine_version":"1.0",
                    "result":null,
                    "method":"blacklist",
                    "engine_update":"20220812"
                }
            },
            "sha256":"4305b80fe6c8b71e12cfe14b19e94127e4825d6b8ade1cb544eee4836cbf7af0",
            "type_extension":"txt",
            "tags":[
                "text"
            ],
            "last_analysis_date":1682485232,
            "unique_sources":30,
            "first_submission_date":1275317510,
            "ssdeep":"3:wZt:wj",
            "md5":"3df116ef9ce709e3a5f25249db341c98",
            "sha1":"7af50effe03c71bd5e03d46dc9b979c6faf92c8d",
            "magic":"ASCII text, with CRLF line terminators",
            "last_analysis_stats":{
                "harmless":0,
                "type-unsupported":15,
                "suspicious":0,
                "confirmed-timeout":0,
                "timeout":0,
                "failure":0,
                "malicious":14,
                "undetected":45
            },
            "meaningful_name":"0.bat",
            "reputation":-66
        },
        "type":"file",
        "id":"4305b80fe6c8b71e12cfe14b19e94127e4825d6b8ade1cb544eee4836cbf7af0",
        "links":{
            "self":"https://www.virustotal.com/api/v3/files/4305b80fe6c8b71e12cfe14b19e94127e4825d6b8ade1cb544eee4836cbf7af0"
        }
    }
}